run_time,duration_sec,status,error
2026-06-23 16:26:49,9.5,ok,
2026-06-24 06:17:10,10.4,ok,
2026-06-24 06:43:52,9.7,ok,
2026-06-24 06:43:57,9.6,ok,
2026-06-24 07:00:00,10.0,ok,
2026-06-24 08:00:00,10.8,ok,
2026-06-24 13:23:07,22.4,ok,
2026-06-24 13:28:29,9.9,ok,
2026-06-24 15:40:46,9.4,ok,
2026-06-24 16:40:45,10.1,ok,
2026-06-24 17:40:45,13.5,ok,
2026-06-24 18:21:00,9.7,ok,
2026-06-24 18:40:45,9.8,ok,
2026-06-24 19:40:45,10.0,ok,
2026-06-24 20:40:45,10.0,ok,
2026-06-24 21:40:45,9.5,ok,
2026-06-24 22:40:45,11.3,ok,
2026-06-24 23:40:45,10.8,ok,
2026-06-25 00:40:45,9.7,ok,
2026-06-25 01:40:45,9.6,ok,
2026-06-25 02:40:45,9.6,ok,
2026-06-25 03:40:45,10.0,ok,
2026-06-25 04:40:45,9.7,ok,
2026-06-25 05:40:45,9.7,ok,
2026-06-25 06:40:45,10.2,ok,
2026-06-25 08:40:45,11.7,ok,
2026-06-25 09:40:45,9.7,ok,
2026-06-25 09:52:41,7.8,ok,
2026-06-25 09:55:40,10.7,ok,
2026-06-25 10:40:45,8.3,ok,
2026-06-25 11:40:45,8.4,ok,
2026-06-25 12:40:45,7.9,ok,
2026-06-25 13:40:45,9.7,ok,
2026-06-25 14:40:45,8.0,ok,
2026-06-25 15:40:45,8.7,ok,
2026-06-25 16:40:45,8.8,ok,
2026-06-25 17:10:28,9.5,ok,
2026-06-25 17:22:32,15.6,ok,
2026-06-25 17:40:45,10.9,ok,
2026-06-25 18:40:45,9.1,ok,
2026-06-25 19:40:45,31.2,ok,
2026-06-25 20:40:45,8.9,ok,
2026-06-25 21:40:46,9.3,ok,
2026-06-25 22:40:46,9.0,ok,
2026-06-25 23:40:46,8.8,ok,
2026-06-26 00:40:46,8.8,ok,
2026-06-26 01:40:46,9.0,ok,
2026-06-26 02:40:46,10.0,ok,
2026-06-26 03:40:46,10.4,ok,
2026-06-26 04:40:46,9.2,ok,
2026-06-26 05:40:46,9.1,ok,
2026-06-26 06:40:46,9.7,ok,
2026-06-26 07:26:54,8.6,ok,
